{
  "video_id": "2025-05-28_13-40-09_UTC_mp4",
  "vibes": [
    "Boho"
  ],
  "products": [
    {
      "type": "Skirt",
      "color": "red",
      "matched_product_id": 17128,
      "match_type": "similar",
      "confidence": 0.78
    },
    {
      "type": "Skirt",
      "color": "maroon",
      "matched_product_id": 42067,
      "match_type": "similar",
      "confidence": 0.81
    },
    {
      "type": "Dress",
      "color": "blue",
      "matched_product_id": 15159,
      "match_type": "similar",
      "confidence": 0.8
    },
    {
      "type": "Top",
      "color": "green",
      "matched_product_id": 15954,
      "match_type": "similar",
      "confidence": 0.76
    },
    {
      "type": "Dress",
      "color": "black",
      "matched_product_id": 17130,
      "match_type": "similar",
      "confidence": 0.81
    },
    {
      "type": "Co-Ord",
      "color": "blue",
      "matched_product_id": 15295,
      "match_type": "similar",
      "confidence": 0.8
    },
    {
      "type": "Top",
      "color": "peach",
      "matched_product_id": 42082,
      "match_type": "similar",
      "confidence": 0.76
    },
    {
      "type": "Shirt",
      "color": "blue",
      "matched_product_id": 15924,
      "match_type": "similar",
      "confidence": 0.8
    }
  ]
}