{
  "video_id": "2025-05-31_14-01-37_UTC_mp4",
  "vibes": [
    "Boho"
  ],
  "products": [
    {
      "type": "Dress",
      "color": "cream",
      "matched_product_id": 42032,
      "match_type": "similar",
      "confidence": 0.87
    },
    {
      "type": "Top",
      "color": "teal",
      "matched_product_id": 42108,
      "match_type": "similar",
      "confidence": 0.8
    },
    {
      "type": "Top",
      "color": "beige",
      "matched_product_id": 15430,
      "match_type": "similar",
      "confidence": 0.81
    },
    {
      "type": "Top",
      "color": "ecru",
      "matched_product_id": 16584,
      "match_type": "similar",
      "confidence": 0.8
    },
    {
      "type": "Top",
      "color": "navy",
      "matched_product_id": 97557,
      "match_type": "similar",
      "confidence": 0.86
    },
    {
      "type": "Dress",
      "color": "black",
      "matched_product_id": 15672,
      "match_type": "exact",
      "confidence": 0.9
    },
    {
      "type": "Top",
      "color": "blue",
      "matched_product_id": 15292,
      "match_type": "similar",
      "confidence": 0.84
    },
    {
      "type": "Skirt",
      "color": "pink",
      "matched_product_id": 15487,
      "match_type": "similar",
      "confidence": 0.78
    },
    {
      "type": "Dress",
      "color": "black",
      "matched_product_id": 14999,
      "match_type": "similar",
      "confidence": 0.82
    }
  ]
}