{
  "video_id": "2025-05-27_13-46-16_UTC_mp4",
  "vibes": [
    "Coquette"
  ],
  "products": [
    {
      "type": "Shirt",
      "color": "blue",
      "matched_product_id": 15259,
      "match_type": "similar",
      "confidence": 0.78
    },
    {
      "type": "Dress",
      "color": "pink",
      "matched_product_id": 14977,
      "match_type": "similar",
      "confidence": 0.78
    },
    {
      "type": "Dress",
      "color": "black",
      "matched_product_id": 17130,
      "match_type": "similar",
      "confidence": 0.83
    },
    {
      "type": "Top",
      "color": "black",
      "matched_product_id": 15592,
      "match_type": "similar",
      "confidence": 0.75
    },
    {
      "type": "Skirt",
      "color": "red",
      "matched_product_id": 17128,
      "match_type": "similar",
      "confidence": 0.78
    }
  ]
}