{
  "video_id": "2025-06-02_11-31-19_UTC_mp4",
  "vibes": [
    "Boho"
  ],
  "products": [
    {
      "type": "Shirt",
      "color": "blue",
      "matched_product_id": 15259,
      "match_type": "similar",
      "confidence": 0.83
    },
    {
      "type": "Top",
      "color": "beige",
      "matched_product_id": 15430,
      "match_type": "similar",
      "confidence": 0.82
    },
    {
      "type": "Dress",
      "color": "black",
      "matched_product_id": 14999,
      "match_type": "similar",
      "confidence": 0.77
    }
  ]
}