{
  "video_id": "2025-05-28_13-42-32_UTC_mp4",
  "vibes": [
    "Coquette"
  ],
  "products": [
    {
      "type": "Skirt",
      "color": "pink",
      "matched_product_id": 15487,
      "match_type": "similar",
      "confidence": 0.77
    },
    {
      "type": "Co-Ord",
      "color": "ecru",
      "matched_product_id": 16704,
      "match_type": "similar",
      "confidence": 0.75
    },
    {
      "type": "Top",
      "color": "multi",
      "matched_product_id": 17140,
      "match_type": "similar",
      "confidence": 0.79
    },
    {
      "type": "Top",
      "color": "red",
      "matched_product_id": 15748,
      "match_type": "similar",
      "confidence": 0.76
    },
    {
      "type": "Shorts",
      "color": "white",
      "matched_product_id": 42075,
      "match_type": "similar",
      "confidence": 0.77
    },
    {
      "type": "Dress",
      "color": "cream",
      "matched_product_id": 42032,
      "match_type": "similar",
      "confidence": 0.81
    },
    {
      "type": "Top",
      "color": "peach",
      "matched_product_id": 42082,
      "match_type": "similar",
      "confidence": 0.77
    }
  ]
}